{"stats":{"minecraft:used":{"alexsmobs:animal_dictionary":1},"minecraft:picked_up":{"minecraft:wheat_seeds":1,"minecraft:dirt":12},"minecraft:killed":{"naturalist:snail":1},"minecraft:mined":{"minecraft:grass_block":1,"minecraft:grass":1,"minecraft:oak_leaves":2},"minecraft:custom":{"minecraft:jump":19,"minecraft:time_since_rest":8836,"minecraft:damage_dealt":30,"minecraft:walk_on_water_one_cm":516,"minecraft:crouch_one_cm":1238,"minecraft:sprint_one_cm":1094,"minecraft:damage_taken":50,"minecraft:play_time":8836,"minecraft:time_since_death":8836,"minecraft:walk_one_cm":9764,"minecraft:sneak_time":677,"minecraft:climb_one_cm":588,"minecraft:total_world_time":8836,"minecraft:mob_kills":1,"minecraft:fall_one_cm":209,"minecraft:fly_one_cm":1679}},"DataVersion":3465}