{"stats":{"minecraft:crafted":{"minecraft:wooden_sword":1,"minecraft:oak_planks":12,"minecraft:crafting_table":1,"minecraft:stick":4,"ecologics:walnut_planks":16,"minecraft:wooden_pickaxe":1},"minecraft:dropped":{"minecraft:sugar_cane":1,"tombstone:gift":1,"tombstone:grave_dust":1,"minecraft:lily_pad":1},"minecraft:used":{"born_in_chaos_v1:corpse_maggot":1,"minecraft:wooden_pickaxe":46,"luminousworld:groundpebbles_1":1,"minecraft:wooden_sword":2,"minecraft:crafting_table":2,"undead_revamp2:arapholia":1,"alexsmobs:animal_dictionary":1},"minecraft:killed_by":{"undead_revamp2:theheavy":2,"undead_revamp2:the_moonflower":1},"minecraft:picked_up":{"minecraft:stick":1,"luminousworld:groundpebbles_1":1,"minecraft:crafting_table":1,"minecraft:glow_ink_sac":2,"born_in_chaos_v1:river_mint":1,"minecraft:clay_ball":5,"ecologics:walnut_log":4,"minecraft:dandelion":1,"minecraft:poisonous_potato":1,"minecraft:oak_log":3,"minecraft:ink_sac":2,"minecraft:dirt":39,"tombstone:gift":1,"minecraft:stone_stairs":2,"minecraft:raw_copper":3,"luminousworld:grassflowers":1,"minecraft:rotten_flesh":3,"minecraft:slime_ball":1,"luminousworld:yellow_grassflowers":1,"minecraft:wheat_seeds":3,"undead_revamp2:arapholia":1,"minecraft:cobblestone":1},"minecraft:killed":{"naturalist:snail":2,"luminousworld:swamp_skeleton":1,"minecraft:zombie":1,"born_in_chaos_v1:corpse_fly":1,"born_in_chaos_v1:maggot":2},"minecraft:mined":{"minecraft:stone_stairs":2,"naturalist:duckweed":2,"luminousworld:yellow_grassflowers":1,"minecraft:mud":1,"minecraft:dandelion":1,"born_in_chaos_v1:river_mint":1,"minecraft:crafting_table":1,"minecraft:grass":47,"minecraft:grass_block":15,"minecraft:oak_log":3,"minecraft:dead_bush":1,"minecraft:dirt":1,"luminousworld:grassvariant_2":10,"luminousworld:grassvariant_3":11,"luminousworld:grassflowers":1,"minecraft:tall_grass":5,"ecologics:walnut_log":4,"luminousworld:groundpebbles_2":1,"minecraft:stone":1,"minecraft:oak_leaves":4},"minecraft:custom":{"minecraft:time_since_rest":407,"minecraft:sprint_one_cm":31832,"minecraft:damage_taken":795,"minecraft:walk_one_cm":77993,"minecraft:mob_kills":8,"minecraft:drop":4,"minecraft:damage_dealt":994,"minecraft:player_kills":1,"minecraft:interact_with_crafting_table":2,"minecraft:fly_one_cm":45084,"minecraft:crouch_one_cm":1773,"minecraft:play_time":31452,"tombstone:undead_killed":2,"minecraft:deaths":3,"minecraft:sneak_time":846,"minecraft:walk_under_water_one_cm":6169,"minecraft:damage_dealt_resisted":20,"tombstone:tomb_raiding":1,"minecraft:jump":315,"minecraft:walk_on_water_one_cm":24283,"minecraft:leave_game":3,"minecraft:time_since_death":1020,"minecraft:total_world_time":31452,"minecraft:climb_one_cm":2039,"minecraft:fall_one_cm":6140}},"DataVersion":3465}