{"stats":{"minecraft:crafted":{"minecraft:oak_planks":12,"minecraft:crafting_table":1,"minecraft:stick":4,"minecraft:wooden_pickaxe":1},"minecraft:used":{"minecraft:wooden_pickaxe":37,"luminousworld:groundpebbles_1":1,"minecraft:crafting_table":1,"undead_revamp2:arapholia":1,"alexsmobs:animal_dictionary":1},"minecraft:picked_up":{"luminousworld:groundpebbles_1":1,"minecraft:crafting_table":1,"born_in_chaos_v1:river_mint":1,"minecraft:oak_log":3,"minecraft:dirt":23,"minecraft:stone_stairs":2,"luminousworld:grassflowers":1,"minecraft:slime_ball":1,"luminousworld:yellow_grassflowers":1,"minecraft:wheat_seeds":3,"undead_revamp2:arapholia":1,"minecraft:cobblestone":1},"minecraft:killed":{"naturalist:snail":2,"minecraft:zombie":1},"minecraft:mined":{"minecraft:stone_stairs":2,"luminousworld:yellow_grassflowers":1,"born_in_chaos_v1:river_mint":1,"minecraft:crafting_table":1,"minecraft:grass":41,"minecraft:grass_block":12,"minecraft:oak_log":3,"luminousworld:grassvariant_2":10,"luminousworld:grassvariant_3":9,"luminousworld:grassflowers":1,"minecraft:tall_grass":5,"luminousworld:groundpebbles_2":1,"minecraft:stone":1,"minecraft:oak_leaves":4},"minecraft:custom":{"minecraft:time_since_rest":18521,"minecraft:sprint_one_cm":21794,"minecraft:damage_taken":175,"minecraft:walk_one_cm":39005,"minecraft:mob_kills":4,"minecraft:damage_dealt":272,"minecraft:interact_with_crafting_table":1,"minecraft:fly_one_cm":31829,"minecraft:crouch_one_cm":1238,"minecraft:play_time":18521,"tombstone:undead_killed":1,"minecraft:sneak_time":722,"minecraft:walk_under_water_one_cm":6060,"minecraft:jump":185,"minecraft:walk_on_water_one_cm":5883,"minecraft:leave_game":2,"minecraft:time_since_death":18521,"minecraft:total_world_time":18521,"minecraft:climb_one_cm":1362,"minecraft:fall_one_cm":2717}},"DataVersion":3465}