{"stats":{"minecraft:used":{"minecraft:jungle_log":1},"minecraft:mined":{"minecraft:vine":1},"minecraft:custom":{"minecraft:jump":24,"minecraft:time_since_rest":1014,"minecraft:damage_dealt":10,"minecraft:crouch_one_cm":79,"minecraft:sprint_one_cm":1732,"minecraft:play_time":1014,"minecraft:damage_taken":66,"minecraft:time_since_death":1014,"minecraft:walk_one_cm":2985,"minecraft:sneak_time":49,"minecraft:climb_one_cm":1176,"minecraft:total_world_time":1014,"minecraft:fall_one_cm":656,"minecraft:fly_one_cm":2921},"minecraft:picked_up":{"minecraft:jungle_log":1}},"DataVersion":3465}