{"stats":{"minecraft:used":{"minecraft:bamboo":11,"minecraft:jungle_log":1},"minecraft:mined":{"minecraft:grass":52,"minecraft:vine":4,"minecraft:jungle_log":1,"minecraft:gravel":1,"minecraft:fire":45,"minecraft:bamboo":1,"minecraft:jungle_leaves":5,"minecraft:oak_leaves":3,"minecraft:fern":16},"minecraft:custom":{"minecraft:open_chest":1,"minecraft:time_since_rest":535,"minecraft:crouch_one_cm":1065,"minecraft:play_time":15447,"minecraft:sprint_one_cm":27906,"minecraft:damage_taken":736,"minecraft:walk_one_cm":32693,"minecraft:deaths":3,"minecraft:sneak_time":419,"minecraft:walk_under_water_one_cm":2284,"minecraft:drop":3,"minecraft:jump":248,"minecraft:damage_dealt":358,"minecraft:leave_game":2,"minecraft:time_since_death":504,"minecraft:walk_on_water_one_cm":6282,"minecraft:total_world_time":15447,"minecraft:climb_one_cm":5954,"minecraft:swim_one_cm":8674,"minecraft:fly_one_cm":29844,"minecraft:fall_one_cm":5719},"minecraft:dropped":{"minecraft:wheat_seeds":3},"minecraft:picked_up":{"minecraft:jungle_log":2,"minecraft:wheat_seeds":13,"minecraft:gravel":1,"minecraft:bamboo":11},"minecraft:killed_by":{"minecraft:zombie":1,"minecraft:player":1}},"DataVersion":3465}