{"stats":{"minecraft:used":{"minecraft:dirt":13},"minecraft:mined":{"minecraft:grass":2,"minecraft:grass_block":9,"minecraft:dirt":4,"minecraft:fern":1},"minecraft:custom":{"minecraft:time_since_rest":326,"minecraft:crouch_one_cm":346,"minecraft:play_time":3111,"minecraft:sprint_one_cm":8983,"minecraft:walk_one_cm":8044,"minecraft:damage_taken":250,"minecraft:deaths":1,"minecraft:sneak_time":114,"minecraft:walk_under_water_one_cm":128,"minecraft:jump":93,"minecraft:damage_dealt":10,"minecraft:leave_game":1,"minecraft:time_since_death":295,"minecraft:walk_on_water_one_cm":116,"minecraft:total_world_time":3111,"minecraft:climb_one_cm":2055,"minecraft:swim_one_cm":3146,"minecraft:fly_one_cm":11105,"minecraft:fall_one_cm":5560},"minecraft:picked_up":{"minecraft:wheat_seeds":1,"minecraft:dirt":13}},"DataVersion":3465}