{"stats":{"minecraft:used":{"minecraft:oak_log":1},"minecraft:mined":{"minecraft:grass":1,"minecraft:vine":2,"minecraft:jungle_leaves":2},"minecraft:custom":{"minecraft:time_since_rest":5653,"minecraft:open_chest":1,"minecraft:crouch_one_cm":1235,"minecraft:play_time":19158,"minecraft:sprint_one_cm":49395,"minecraft:walk_one_cm":43139,"minecraft:damage_taken":1330,"minecraft:deaths":5,"minecraft:sneak_time":283,"minecraft:walk_under_water_one_cm":5894,"minecraft:drop":4,"minecraft:jump":304,"minecraft:damage_dealt":398,"minecraft:leave_game":1,"minecraft:time_since_death":5621,"minecraft:walk_on_water_one_cm":6824,"minecraft:total_world_time":19158,"minecraft:climb_one_cm":9278,"minecraft:fall_one_cm":8613,"minecraft:fly_one_cm":35823,"minecraft:player_kills":1},"minecraft:dropped":{"minecraft:wheat_seeds":4},"minecraft:picked_up":{"minecraft:wheat_seeds":5,"minecraft:oak_log":1,"minecraft:gunpowder":1,"minecraft:bamboo":9,"minecraft:obsidian":1,"minecraft:dirt":16},"minecraft:killed_by":{"minecraft:skeleton":2,"minecraft:spider":1,"minecraft:player":1,"minecraft:enderman":1}},"DataVersion":3465}