{"stats":{"minecraft:mined":{"minecraft:grass":1},"minecraft:custom":{"minecraft:jump":147,"minecraft:open_chest":1,"minecraft:time_since_rest":8347,"minecraft:damage_dealt":73,"minecraft:crouch_one_cm":1235,"minecraft:walk_on_water_one_cm":6356,"minecraft:sprint_one_cm":23962,"minecraft:play_time":8347,"minecraft:damage_taken":242,"minecraft:time_since_death":8347,"minecraft:walk_one_cm":22635,"minecraft:sneak_time":279,"minecraft:climb_one_cm":3854,"minecraft:total_world_time":8347,"minecraft:walk_under_water_one_cm":5479,"minecraft:drop":3,"minecraft:fall_one_cm":3275,"minecraft:fly_one_cm":16963,"minecraft:player_kills":1},"minecraft:dropped":{"minecraft:wheat_seeds":3},"minecraft:picked_up":{"minecraft:wheat_seeds":4}},"DataVersion":3465}