{"stats":{"minecraft:crafted":{"minecraft:oak_planks":20,"minecraft:crafting_table":1},"minecraft:used":{"minecraft:crafting_table":1,"minecraft:oak_sapling":3,"tombstone:gift":2,"alexsmobs:animal_dictionary":1},"minecraft:killed_by":{"mutantmonsters:creeper_minion":2},"minecraft:picked_up":{"minecraft:oak_log":5,"minecraft:lily_pad":1,"minecraft:oak_sapling":3,"minecraft:sugar_cane":6},"minecraft:mined":{"minecraft:oak_log":5,"minecraft:vine":1,"minecraft:sugar_cane":2,"minecraft:oak_leaves":3},"minecraft:custom":{"minecraft:time_since_rest":18672,"minecraft:crouch_one_cm":62,"minecraft:sprint_one_cm":21329,"minecraft:play_time":51888,"minecraft:deaths":2,"minecraft:damage_taken":605,"minecraft:walk_one_cm":24994,"minecraft:sneak_time":134,"minecraft:walk_under_water_one_cm":248,"minecraft:jump":220,"minecraft:leave_game":1,"minecraft:walk_on_water_one_cm":13458,"minecraft:time_since_death":18735,"minecraft:climb_one_cm":5747,"minecraft:total_world_time":51888,"minecraft:interact_with_crafting_table":3,"minecraft:fall_one_cm":4807,"minecraft:fly_one_cm":29961}},"DataVersion":3465}