{"stats":{"minecraft:used":{"tombstone:gift":2},"minecraft:killed_by":{"mutantmonsters:creeper_minion":2},"minecraft:picked_up":{"minecraft:lily_pad":1,"minecraft:oak_sapling":3},"minecraft:mined":{"minecraft:vine":1,"minecraft:oak_leaves":2},"minecraft:custom":{"minecraft:jump":29,"minecraft:time_since_rest":6672,"minecraft:damage_taken":575,"minecraft:leave_game":1,"minecraft:time_since_death":6735,"minecraft:play_time":39888,"minecraft:walk_one_cm":8704,"minecraft:sprint_one_cm":1269,"minecraft:walk_on_water_one_cm":3646,"minecraft:deaths":2,"minecraft:total_world_time":39888,"minecraft:sneak_time":105,"minecraft:climb_one_cm":2310,"minecraft:fall_one_cm":260,"minecraft:fly_one_cm":1735}},"DataVersion":3465}