{"stats":{"minecraft:used":{"minecraft:dirt":1},"minecraft:mined":{"minecraft:grass":39,"minecraft:jungle_log":1,"minecraft:dirt":1,"minecraft:jungle_leaves":2,"minecraft:fern":14},"minecraft:custom":{"minecraft:time_since_rest":976,"minecraft:crouch_one_cm":352,"minecraft:play_time":13511,"minecraft:sprint_one_cm":31986,"minecraft:deaths":2,"minecraft:damage_taken":541,"minecraft:walk_one_cm":13424,"minecraft:sneak_time":97,"minecraft:walk_under_water_one_cm":969,"minecraft:jump":279,"minecraft:damage_dealt":392,"minecraft:time_since_death":941,"minecraft:walk_on_water_one_cm":6353,"minecraft:total_world_time":13511,"minecraft:climb_one_cm":4095,"minecraft:player_kills":1,"minecraft:swim_one_cm":1191,"minecraft:fly_one_cm":45212,"minecraft:fall_one_cm":7594},"minecraft:picked_up":{"minecraft:wheat_seeds":7,"minecraft:dirt":1},"minecraft:killed_by":{"minecraft:player":1}},"DataVersion":3465}