{"stats":{"minecraft:crafted":{"minecraft:oak_planks":20,"minecraft:crafting_table":1},"minecraft:dropped":{"tombstone:gift":1},"minecraft:used":{"minecraft:mud":3,"minecraft:dirt":1,"minecraft:crafting_table":1,"minecraft:oak_sapling":3,"tombstone:gift":2,"alexsmobs:animal_dictionary":1},"minecraft:killed_by":{"minecraft:player":1,"undead_revamp2:theheavy":1,"mutantmonsters:creeper_minion":2},"minecraft:picked_up":{"minecraft:mud":3,"born_in_chaos_v1:corpse_maggot":1,"minecraft:oak_log":5,"minecraft:lily_pad":2,"tombstone:grave_dust":1,"minecraft:dirt":2,"tombstone:gift":1,"minecraft:oak_sapling":3,"minecraft:sugar_cane":7},"minecraft:mined":{"naturalist:duckweed":1,"minecraft:mud":2,"minecraft:oak_log":5,"minecraft:vine":1,"minecraft:dirt":1,"minecraft:sugar_cane":2,"minecraft:oak_leaves":3},"minecraft:custom":{"minecraft:time_since_rest":1,"minecraft:sprint_one_cm":26955,"minecraft:damage_taken":985,"minecraft:walk_one_cm":46411,"minecraft:mob_kills":1,"minecraft:drop":1,"minecraft:damage_dealt":163,"minecraft:swim_one_cm":278,"minecraft:interact_with_crafting_table":3,"minecraft:fly_one_cm":35036,"minecraft:crouch_one_cm":177,"minecraft:play_time":63813,"minecraft:deaths":4,"minecraft:sneak_time":148,"minecraft:walk_under_water_one_cm":425,"minecraft:jump":282,"minecraft:leave_game":3,"minecraft:walk_on_water_one_cm":20922,"minecraft:time_since_death":218,"minecraft:climb_one_cm":6058,"minecraft:total_world_time":63813,"minecraft:fall_one_cm":5672}},"DataVersion":3465}