{"stats":{"minecraft:killed_by":{"minecraft:skeleton":1,"minecraft:player":1},"minecraft:picked_up":{"minecraft:golden_helmet":1,"minecraft:jungle_log":1,"minecraft:wheat_seeds":9,"minecraft:iron_nugget":17,"minecraft:obsidian":1,"minecraft:dirt":17},"minecraft:custom":{"minecraft:time_since_rest":7660,"minecraft:crouch_one_cm":464,"minecraft:play_time":23303,"minecraft:sprint_one_cm":51501,"minecraft:damage_taken":786,"minecraft:walk_one_cm":23718,"minecraft:deaths":3,"minecraft:sneak_time":119,"minecraft:walk_under_water_one_cm":969,"minecraft:jump":419,"minecraft:damage_dealt":419,"minecraft:leave_game":2,"minecraft:time_since_death":7633,"minecraft:walk_on_water_one_cm":9278,"minecraft:total_world_time":23303,"minecraft:climb_one_cm":9766,"minecraft:swim_one_cm":1191,"minecraft:fall_one_cm":11820,"minecraft:fly_one_cm":60891,"minecraft:player_kills":2},"minecraft:used":{"minecraft:golden_helmet":1,"minecraft:dirt":1},"minecraft:mined":{"minecraft:grass":40,"minecraft:vine":1,"minecraft:jungle_log":1,"minecraft:dirt":1,"minecraft:jungle_leaves":7,"minecraft:fern":14}},"DataVersion":3465}